dataset,dataset_label,model,model_label,seed,epsilon_255,fgsm,pgd,attack_set_min,audited_envelope,adjusted_for_nonmonotonicity,max_pgd_rebound
chest_xray_pneumonia,Chest X-ray,resnet101,ResNet-101,seed42,0.1,0.7085714285714285,0.09714285714285714,0.09714285714285714,0.09714285714285714,False,0.0038095238095238095
chest_xray_pneumonia,Chest X-ray,resnet101,ResNet-101,seed42,0.15,0.6971428571428572,0.04,0.04,0.04,False,0.0038095238095238095
chest_xray_pneumonia,Chest X-ray,resnet101,ResNet-101,seed42,0.2,0.6952380952380952,0.02857142857142857,0.02857142857142857,0.02857142857142857,False,0.0038095238095238095
chest_xray_pneumonia,Chest X-ray,resnet101,ResNet-101,seed42,0.25,0.699047619047619,0.013333333333333334,0.013333333333333334,0.013333333333333334,False,0.0038095238095238095
chest_xray_pneumonia,Chest X-ray,resnet101,ResNet-101,seed42,0.5,0.7161904761904762,0.0019047619047619048,0.0019047619047619048,0.0019047619047619048,False,0.0038095238095238095
chest_xray_pneumonia,Chest X-ray,resnet101,ResNet-101,seed42,1.0,0.7352380952380952,0.0,0.0,0.0,False,0.0038095238095238095
chest_xray_pneumonia,Chest X-ray,resnet101,ResNet-101,seed42,2.0,0.7352380952380952,0.0038095238095238095,0.0038095238095238095,0.0,True,0.0038095238095238095
chest_xray_pneumonia,Chest X-ray,resnet101,ResNet-101,seed42,4.0,0.7352380952380952,0.0,0.0,0.0,False,0.0038095238095238095
chest_xray_pneumonia,Chest X-ray,resnet101,ResNet-101,seed42,8.0,0.6876190476190476,0.0,0.0,0.0,False,0.0038095238095238095
chest_xray_pneumonia,Chest X-ray,resnet101,ResNet-101,seed42,16.0,0.33714285714285713,0.0,0.0,0.0,False,0.0038095238095238095
chest_xray_pneumonia,Chest X-ray,resnet101,ResNet-101,seed43,0.1,0.7192982456140351,0.01949317738791423,0.01949317738791423,0.01949317738791423,False,0.021442495126705652
chest_xray_pneumonia,Chest X-ray,resnet101,ResNet-101,seed43,0.15,0.723196881091618,0.009746588693957114,0.009746588693957114,0.009746588693957114,False,0.021442495126705652
chest_xray_pneumonia,Chest X-ray,resnet101,ResNet-101,seed43,0.2,0.7309941520467836,0.001949317738791423,0.001949317738791423,0.001949317738791423,False,0.021442495126705652
chest_xray_pneumonia,Chest X-ray,resnet101,ResNet-101,seed43,0.25,0.723196881091618,0.0,0.0,0.0,False,0.021442495126705652
chest_xray_pneumonia,Chest X-ray,resnet101,ResNet-101,seed43,0.5,0.7446393762183235,0.0,0.0,0.0,False,0.021442495126705652
chest_xray_pneumonia,Chest X-ray,resnet101,ResNet-101,seed43,1.0,0.7758284600389863,0.0,0.0,0.0,False,0.021442495126705652
chest_xray_pneumonia,Chest X-ray,resnet101,ResNet-101,seed43,2.0,0.8011695906432749,0.0,0.0,0.0,False,0.021442495126705652
chest_xray_pneumonia,Chest X-ray,resnet101,ResNet-101,seed43,4.0,0.7797270955165692,0.0,0.0,0.0,False,0.021442495126705652
chest_xray_pneumonia,Chest X-ray,resnet101,ResNet-101,seed43,8.0,0.7563352826510721,0.0,0.0,0.0,False,0.021442495126705652
chest_xray_pneumonia,Chest X-ray,resnet101,ResNet-101,seed43,16.0,0.7543859649122807,0.021442495126705652,0.021442495126705652,0.0,True,0.021442495126705652
chest_xray_pneumonia,Chest X-ray,resnet101,ResNet-101,seed44,0.1,0.7215686274509804,0.06862745098039216,0.06862745098039216,0.06862745098039216,False,0.0823529411764706
chest_xray_pneumonia,Chest X-ray,resnet101,ResNet-101,seed44,0.15,0.6941176470588235,0.025490196078431372,0.025490196078431372,0.025490196078431372,False,0.0823529411764706
chest_xray_pneumonia,Chest X-ray,resnet101,ResNet-101,seed44,0.2,0.6843137254901961,0.0058823529411764705,0.0058823529411764705,0.0058823529411764705,False,0.0823529411764706
chest_xray_pneumonia,Chest X-ray,resnet101,ResNet-101,seed44,0.25,0.6764705882352942,0.00392156862745098,0.00392156862745098,0.00392156862745098,False,0.0823529411764706
chest_xray_pneumonia,Chest X-ray,resnet101,ResNet-101,seed44,0.5,0.6784313725490196,0.00196078431372549,0.00196078431372549,0.00196078431372549,False,0.0823529411764706
chest_xray_pneumonia,Chest X-ray,resnet101,ResNet-101,seed44,1.0,0.7098039215686275,0.0,0.0,0.0,False,0.0823529411764706
chest_xray_pneumonia,Chest X-ray,resnet101,ResNet-101,seed44,2.0,0.7666666666666667,0.0,0.0,0.0,False,0.0823529411764706
chest_xray_pneumonia,Chest X-ray,resnet101,ResNet-101,seed44,4.0,0.7607843137254902,0.0,0.0,0.0,False,0.0823529411764706
chest_xray_pneumonia,Chest X-ray,resnet101,ResNet-101,seed44,8.0,0.7607843137254902,0.00196078431372549,0.00196078431372549,0.0,True,0.0823529411764706
chest_xray_pneumonia,Chest X-ray,resnet101,ResNet-101,seed44,16.0,0.7607843137254902,0.08431372549019608,0.08431372549019608,0.0,True,0.0823529411764706
chest_xray_pneumonia,Chest X-ray,resnet152,ResNet-152,seed42,0.1,0.7422480620155039,0.312015503875969,0.312015503875969,0.312015503875969,False,0.0
chest_xray_pneumonia,Chest X-ray,resnet152,ResNet-152,seed42,0.15,0.6996124031007752,0.11434108527131782,0.11434108527131782,0.11434108527131782,False,0.0
chest_xray_pneumonia,Chest X-ray,resnet152,ResNet-152,seed42,0.2,0.6821705426356589,0.03488372093023256,0.03488372093023256,0.03488372093023256,False,0.0
chest_xray_pneumonia,Chest X-ray,resnet152,ResNet-152,seed42,0.25,0.6763565891472868,0.015503875968992248,0.015503875968992248,0.015503875968992248,False,0.0
chest_xray_pneumonia,Chest X-ray,resnet152,ResNet-152,seed42,0.5,0.6802325581395349,0.0,0.0,0.0,False,0.0
chest_xray_pneumonia,Chest X-ray,resnet152,ResNet-152,seed42,1.0,0.687984496124031,0.0,0.0,0.0,False,0.0
chest_xray_pneumonia,Chest X-ray,resnet152,ResNet-152,seed42,2.0,0.7306201550387597,0.0,0.0,0.0,False,0.0
chest_xray_pneumonia,Chest X-ray,resnet152,ResNet-152,seed42,4.0,0.7558139534883721,0.0,0.0,0.0,False,0.0
chest_xray_pneumonia,Chest X-ray,resnet152,ResNet-152,seed42,8.0,0.7538759689922481,0.0,0.0,0.0,False,0.0
chest_xray_pneumonia,Chest X-ray,resnet152,ResNet-152,seed42,16.0,0.7538759689922481,0.0,0.0,0.0,False,0.0
chest_xray_pneumonia,Chest X-ray,resnet152,ResNet-152,seed43,0.1,0.7175141242937854,0.3220338983050847,0.3220338983050847,0.3220338983050847,False,0.0018832391713747645
chest_xray_pneumonia,Chest X-ray,resnet152,ResNet-152,seed43,0.15,0.704331450094162,0.16760828625235405,0.16760828625235405,0.16760828625235405,False,0.0018832391713747645
chest_xray_pneumonia,Chest X-ray,resnet152,ResNet-152,seed43,0.2,0.6949152542372882,0.08097928436911488,0.08097928436911488,0.08097928436911488,False,0.0018832391713747645
chest_xray_pneumonia,Chest X-ray,resnet152,ResNet-152,seed43,0.25,0.6836158192090396,0.04519774011299435,0.04519774011299435,0.04519774011299435,False,0.0018832391713747645
chest_xray_pneumonia,Chest X-ray,resnet152,ResNet-152,seed43,0.5,0.6685499058380414,0.005649717514124294,0.005649717514124294,0.005649717514124294,False,0.0018832391713747645
chest_xray_pneumonia,Chest X-ray,resnet152,ResNet-152,seed43,1.0,0.6610169491525424,0.0,0.0,0.0,False,0.0018832391713747645
chest_xray_pneumonia,Chest X-ray,resnet152,ResNet-152,seed43,2.0,0.6817325800376648,0.0,0.0,0.0,False,0.0018832391713747645
chest_xray_pneumonia,Chest X-ray,resnet152,ResNet-152,seed43,4.0,0.711864406779661,0.0,0.0,0.0,False,0.0018832391713747645
chest_xray_pneumonia,Chest X-ray,resnet152,ResNet-152,seed43,8.0,0.736346516007533,0.0,0.0,0.0,False,0.0018832391713747645
chest_xray_pneumonia,Chest X-ray,resnet152,ResNet-152,seed43,16.0,0.7269303201506592,0.0018832391713747645,0.0018832391713747645,0.0,True,0.0018832391713747645
chest_xray_pneumonia,Chest X-ray,resnet152,ResNet-152,seed44,0.1,0.7652671755725191,0.4961832061068702,0.4961832061068702,0.4961832061068702,False,0.07061068702290077
chest_xray_pneumonia,Chest X-ray,resnet152,ResNet-152,seed44,0.15,0.7347328244274809,0.3950381679389313,0.3950381679389313,0.3950381679389313,False,0.07061068702290077
chest_xray_pneumonia,Chest X-ray,resnet152,ResNet-152,seed44,0.2,0.7194656488549618,0.3053435114503817,0.3053435114503817,0.3053435114503817,False,0.07061068702290077
chest_xray_pneumonia,Chest X-ray,resnet152,ResNet-152,seed44,0.25,0.7099236641221374,0.22137404580152673,0.22137404580152673,0.22137404580152673,False,0.07061068702290077
chest_xray_pneumonia,Chest X-ray,resnet152,ResNet-152,seed44,0.5,0.7022900763358778,0.07633587786259542,0.07633587786259542,0.07633587786259542,False,0.07061068702290077
chest_xray_pneumonia,Chest X-ray,resnet152,ResNet-152,seed44,1.0,0.6965648854961832,0.011450381679389313,0.011450381679389313,0.011450381679389313,False,0.07061068702290077
chest_xray_pneumonia,Chest X-ray,resnet152,ResNet-152,seed44,2.0,0.6927480916030534,0.0,0.0,0.0,False,0.07061068702290077
chest_xray_pneumonia,Chest X-ray,resnet152,ResNet-152,seed44,4.0,0.7175572519083969,0.0,0.0,0.0,False,0.07061068702290077
chest_xray_pneumonia,Chest X-ray,resnet152,ResNet-152,seed44,8.0,0.7423664122137404,0.0,0.0,0.0,False,0.07061068702290077
chest_xray_pneumonia,Chest X-ray,resnet152,ResNet-152,seed44,16.0,0.7423664122137404,0.07061068702290077,0.07061068702290077,0.0,True,0.07061068702290077
chest_xray_pneumonia,Chest X-ray,resnet18,ResNet-18,seed42,0.1,0.6963249516441006,0.3617021276595745,0.3617021276595745,0.3617021276595745,False,0.0
chest_xray_pneumonia,Chest X-ray,resnet18,ResNet-18,seed42,0.15,0.632495164410058,0.09864603481624758,0.09864603481624758,0.09864603481624758,False,0.0
chest_xray_pneumonia,Chest X-ray,resnet18,ResNet-18,seed42,0.2,0.6054158607350096,0.02127659574468085,0.02127659574468085,0.02127659574468085,False,0.0
chest_xray_pneumonia,Chest X-ray,resnet18,ResNet-18,seed42,0.25,0.586073500967118,0.005802707930367505,0.005802707930367505,0.005802707930367505,False,0.0
chest_xray_pneumonia,Chest X-ray,resnet18,ResNet-18,seed42,0.5,0.5435203094777563,0.0,0.0,0.0,False,0.0
chest_xray_pneumonia,Chest X-ray,resnet18,ResNet-18,seed42,1.0,0.574468085106383,0.0,0.0,0.0,False,0.0
chest_xray_pneumonia,Chest X-ray,resnet18,ResNet-18,seed42,2.0,0.6460348162475822,0.0,0.0,0.0,False,0.0
chest_xray_pneumonia,Chest X-ray,resnet18,ResNet-18,seed42,4.0,0.7504835589941973,0.0,0.0,0.0,False,0.0
chest_xray_pneumonia,Chest X-ray,resnet18,ResNet-18,seed42,8.0,0.7524177949709865,0.0,0.0,0.0,False,0.0
chest_xray_pneumonia,Chest X-ray,resnet18,ResNet-18,seed42,16.0,0.7524177949709865,0.0,0.0,0.0,False,0.0
chest_xray_pneumonia,Chest X-ray,resnet18,ResNet-18,seed43,0.1,0.68389662027833,0.3101391650099404,0.3101391650099404,0.3101391650099404,False,0.0
chest_xray_pneumonia,Chest X-ray,resnet18,ResNet-18,seed43,0.15,0.6361829025844931,0.08548707753479125,0.08548707753479125,0.08548707753479125,False,0.0
chest_xray_pneumonia,Chest X-ray,resnet18,ResNet-18,seed43,0.2,0.610337972166998,0.02385685884691849,0.02385685884691849,0.02385685884691849,False,0.0
chest_xray_pneumonia,Chest X-ray,resnet18,ResNet-18,seed43,0.25,0.5785288270377733,0.0019880715705765406,0.0019880715705765406,0.0019880715705765406,False,0.0
chest_xray_pneumonia,Chest X-ray,resnet18,ResNet-18,seed43,0.5,0.5387673956262425,0.0,0.0,0.0,False,0.0
chest_xray_pneumonia,Chest X-ray,resnet18,ResNet-18,seed43,1.0,0.5526838966202783,0.0,0.0,0.0,False,0.0
chest_xray_pneumonia,Chest X-ray,resnet18,ResNet-18,seed43,2.0,0.6918489065606361,0.0,0.0,0.0,False,0.0
chest_xray_pneumonia,Chest X-ray,resnet18,ResNet-18,seed43,4.0,0.7713717693836978,0.0,0.0,0.0,False,0.0
chest_xray_pneumonia,Chest X-ray,resnet18,ResNet-18,seed43,8.0,0.7713717693836978,0.0,0.0,0.0,False,0.0
chest_xray_pneumonia,Chest X-ray,resnet18,ResNet-18,seed43,16.0,0.7713717693836978,0.0,0.0,0.0,False,0.0
chest_xray_pneumonia,Chest X-ray,resnet18,ResNet-18,seed44,0.1,0.7225548902195609,0.4231536926147705,0.4231536926147705,0.4231536926147705,False,0.0
chest_xray_pneumonia,Chest X-ray,resnet18,ResNet-18,seed44,0.15,0.6726546906187625,0.11976047904191617,0.11976047904191617,0.11976047904191617,False,0.0
chest_xray_pneumonia,Chest X-ray,resnet18,ResNet-18,seed44,0.2,0.6187624750499002,0.027944111776447105,0.027944111776447105,0.027944111776447105,False,0.0
chest_xray_pneumonia,Chest X-ray,resnet18,ResNet-18,seed44,0.25,0.5968063872255489,0.003992015968063872,0.003992015968063872,0.003992015968063872,False,0.0
chest_xray_pneumonia,Chest X-ray,resnet18,ResNet-18,seed44,0.5,0.562874251497006,0.0,0.0,0.0,False,0.0
chest_xray_pneumonia,Chest X-ray,resnet18,ResNet-18,seed44,1.0,0.5728542914171657,0.0,0.0,0.0,False,0.0
chest_xray_pneumonia,Chest X-ray,resnet18,ResNet-18,seed44,2.0,0.654690618762475,0.0,0.0,0.0,False,0.0
chest_xray_pneumonia,Chest X-ray,resnet18,ResNet-18,seed44,4.0,0.7604790419161677,0.0,0.0,0.0,False,0.0
chest_xray_pneumonia,Chest X-ray,resnet18,ResNet-18,seed44,8.0,0.7784431137724551,0.0,0.0,0.0,False,0.0
chest_xray_pneumonia,Chest X-ray,resnet18,ResNet-18,seed44,16.0,0.7784431137724551,0.0,0.0,0.0,False,0.0
chest_xray_pneumonia,Chest X-ray,resnet34,ResNet-34,seed42,0.1,0.6843100189035917,0.23062381852551986,0.23062381852551986,0.23062381852551986,False,0.0
chest_xray_pneumonia,Chest X-ray,resnet34,ResNet-34,seed42,0.15,0.6275992438563327,0.054820415879017016,0.054820415879017016,0.054820415879017016,False,0.0
chest_xray_pneumonia,Chest X-ray,resnet34,ResNet-34,seed42,0.2,0.6068052930056711,0.00945179584120983,0.00945179584120983,0.00945179584120983,False,0.0
chest_xray_pneumonia,Chest X-ray,resnet34,ResNet-34,seed42,0.25,0.6011342155009451,0.003780718336483932,0.003780718336483932,0.003780718336483932,False,0.0
chest_xray_pneumonia,Chest X-ray,resnet34,ResNet-34,seed42,0.5,0.5879017013232514,0.0,0.0,0.0,False,0.0
chest_xray_pneumonia,Chest X-ray,resnet34,ResNet-34,seed42,1.0,0.5765595463137996,0.0,0.0,0.0,False,0.0
chest_xray_pneumonia,Chest X-ray,resnet34,ResNet-34,seed42,2.0,0.6200378071833649,0.0,0.0,0.0,False,0.0
chest_xray_pneumonia,Chest X-ray,resnet34,ResNet-34,seed42,4.0,0.6540642722117203,0.0,0.0,0.0,False,0.0
chest_xray_pneumonia,Chest X-ray,resnet34,ResNet-34,seed42,8.0,0.5368620037807184,0.0,0.0,0.0,False,0.0
chest_xray_pneumonia,Chest X-ray,resnet34,ResNet-34,seed42,16.0,0.2665406427221172,0.0,0.0,0.0,False,0.0
chest_xray_pneumonia,Chest X-ray,resnet34,ResNet-34,seed43,0.1,0.7897838899803536,0.5402750491159135,0.5402750491159135,0.5402750491159135,False,0.0
chest_xray_pneumonia,Chest X-ray,resnet34,ResNet-34,seed43,0.15,0.7524557956777996,0.2829076620825147,0.2829076620825147,0.2829076620825147,False,0.0
chest_xray_pneumonia,Chest X-ray,resnet34,ResNet-34,seed43,0.2,0.7347740667976425,0.1100196463654224,0.1100196463654224,0.1100196463654224,False,0.0
chest_xray_pneumonia,Chest X-ray,resnet34,ResNet-34,seed43,0.25,0.7210216110019646,0.03339882121807466,0.03339882121807466,0.03339882121807466,False,0.0
chest_xray_pneumonia,Chest X-ray,resnet34,ResNet-34,seed43,0.5,0.7033398821218074,0.0,0.0,0.0,False,0.0
chest_xray_pneumonia,Chest X-ray,resnet34,ResNet-34,seed43,1.0,0.7072691552062869,0.0,0.0,0.0,False,0.0
chest_xray_pneumonia,Chest X-ray,resnet34,ResNet-34,seed43,2.0,0.7210216110019646,0.0,0.0,0.0,False,0.0
chest_xray_pneumonia,Chest X-ray,resnet34,ResNet-34,seed43,4.0,0.7426326129666012,0.0,0.0,0.0,False,0.0
chest_xray_pneumonia,Chest X-ray,resnet34,ResNet-34,seed43,8.0,0.7642436149312377,0.0,0.0,0.0,False,0.0
chest_xray_pneumonia,Chest X-ray,resnet34,ResNet-34,seed43,16.0,0.7642436149312377,0.0,0.0,0.0,False,0.0
chest_xray_pneumonia,Chest X-ray,resnet34,ResNet-34,seed44,0.1,0.7375478927203065,0.3448275862068966,0.3448275862068966,0.3448275862068966,False,0.0
chest_xray_pneumonia,Chest X-ray,resnet34,ResNet-34,seed44,0.15,0.7164750957854407,0.15517241379310345,0.15517241379310345,0.15517241379310345,False,0.0
chest_xray_pneumonia,Chest X-ray,resnet34,ResNet-34,seed44,0.2,0.7126436781609196,0.05938697318007663,0.05938697318007663,0.05938697318007663,False,0.0
chest_xray_pneumonia,Chest X-ray,resnet34,ResNet-34,seed44,0.25,0.7030651340996169,0.02490421455938697,0.02490421455938697,0.02490421455938697,False,0.0
chest_xray_pneumonia,Chest X-ray,resnet34,ResNet-34,seed44,0.5,0.6877394636015326,0.0,0.0,0.0,False,0.0
chest_xray_pneumonia,Chest X-ray,resnet34,ResNet-34,seed44,1.0,0.6819923371647509,0.0,0.0,0.0,False,0.0
chest_xray_pneumonia,Chest X-ray,resnet34,ResNet-34,seed44,2.0,0.6896551724137931,0.0,0.0,0.0,False,0.0
chest_xray_pneumonia,Chest X-ray,resnet34,ResNet-34,seed44,4.0,0.6877394636015326,0.0,0.0,0.0,False,0.0
chest_xray_pneumonia,Chest X-ray,resnet34,ResNet-34,seed44,8.0,0.7375478927203065,0.0,0.0,0.0,False,0.0
chest_xray_pneumonia,Chest X-ray,resnet34,ResNet-34,seed44,16.0,0.7432950191570882,0.0,0.0,0.0,False,0.0
chest_xray_pneumonia,Chest X-ray,resnet50,ResNet-50,seed42,0.1,0.6571969696969697,0.04734848484848485,0.04734848484848485,0.04734848484848485,False,0.42992424242424243
chest_xray_pneumonia,Chest X-ray,resnet50,ResNet-50,seed42,0.15,0.6496212121212122,0.013257575757575758,0.013257575757575758,0.013257575757575758,False,0.42992424242424243
chest_xray_pneumonia,Chest X-ray,resnet50,ResNet-50,seed42,0.2,0.6553030303030303,0.001893939393939394,0.001893939393939394,0.001893939393939394,False,0.42992424242424243
chest_xray_pneumonia,Chest X-ray,resnet50,ResNet-50,seed42,0.25,0.6628787878787878,0.0,0.0,0.0,False,0.42992424242424243
chest_xray_pneumonia,Chest X-ray,resnet50,ResNet-50,seed42,0.5,0.6988636363636364,0.0,0.0,0.0,False,0.42992424242424243
chest_xray_pneumonia,Chest X-ray,resnet50,ResNet-50,seed42,1.0,0.7310606060606061,0.0,0.0,0.0,False,0.42992424242424243
chest_xray_pneumonia,Chest X-ray,resnet50,ResNet-50,seed42,2.0,0.7310606060606061,0.0,0.0,0.0,False,0.42992424242424243
chest_xray_pneumonia,Chest X-ray,resnet50,ResNet-50,seed42,4.0,0.7310606060606061,0.0,0.0,0.0,False,0.42992424242424243
chest_xray_pneumonia,Chest X-ray,resnet50,ResNet-50,seed42,8.0,0.7310606060606061,0.30113636363636365,0.30113636363636365,0.0,True,0.42992424242424243
chest_xray_pneumonia,Chest X-ray,resnet50,ResNet-50,seed42,16.0,0.7310606060606061,0.7310606060606061,0.7310606060606061,0.0,True,0.42992424242424243
chest_xray_pneumonia,Chest X-ray,resnet50,ResNet-50,seed43,0.1,0.6392857142857142,0.008928571428571428,0.008928571428571428,0.008928571428571428,False,0.0
chest_xray_pneumonia,Chest X-ray,resnet50,ResNet-50,seed43,0.15,0.6303571428571428,0.0,0.0,0.0,False,0.0
chest_xray_pneumonia,Chest X-ray,resnet50,ResNet-50,seed43,0.2,0.6321428571428571,0.0,0.0,0.0,False,0.0
chest_xray_pneumonia,Chest X-ray,resnet50,ResNet-50,seed43,0.25,0.6446428571428572,0.0,0.0,0.0,False,0.0
chest_xray_pneumonia,Chest X-ray,resnet50,ResNet-50,seed43,0.5,0.6767857142857143,0.0,0.0,0.0,False,0.0
chest_xray_pneumonia,Chest X-ray,resnet50,ResNet-50,seed43,1.0,0.6946428571428571,0.0,0.0,0.0,False,0.0
chest_xray_pneumonia,Chest X-ray,resnet50,ResNet-50,seed43,2.0,0.6910714285714286,0.0,0.0,0.0,False,0.0
chest_xray_pneumonia,Chest X-ray,resnet50,ResNet-50,seed43,4.0,0.6964285714285714,0.0,0.0,0.0,False,0.0
chest_xray_pneumonia,Chest X-ray,resnet50,ResNet-50,seed43,8.0,0.6946428571428571,0.0,0.0,0.0,False,0.0
chest_xray_pneumonia,Chest X-ray,resnet50,ResNet-50,seed43,16.0,0.6910714285714286,0.0,0.0,0.0,False,0.0
chest_xray_pneumonia,Chest X-ray,resnet50,ResNet-50,seed44,0.1,0.6840148698884758,0.01858736059479554,0.01858736059479554,0.01858736059479554,False,0.0
chest_xray_pneumonia,Chest X-ray,resnet50,ResNet-50,seed44,0.15,0.6784386617100372,0.0,0.0,0.0,False,0.0
chest_xray_pneumonia,Chest X-ray,resnet50,ResNet-50,seed44,0.2,0.6802973977695167,0.0,0.0,0.0,False,0.0
chest_xray_pneumonia,Chest X-ray,resnet50,ResNet-50,seed44,0.25,0.6691449814126395,0.0,0.0,0.0,False,0.0
chest_xray_pneumonia,Chest X-ray,resnet50,ResNet-50,seed44,0.5,0.6895910780669146,0.0,0.0,0.0,False,0.0
chest_xray_pneumonia,Chest X-ray,resnet50,ResNet-50,seed44,1.0,0.7174721189591078,0.0,0.0,0.0,False,0.0
chest_xray_pneumonia,Chest X-ray,resnet50,ResNet-50,seed44,2.0,0.7230483271375465,0.0,0.0,0.0,False,0.0
chest_xray_pneumonia,Chest X-ray,resnet50,ResNet-50,seed44,4.0,0.7267657992565055,0.0,0.0,0.0,False,0.0
chest_xray_pneumonia,Chest X-ray,resnet50,ResNet-50,seed44,8.0,0.7230483271375465,0.0,0.0,0.0,False,0.0
chest_xray_pneumonia,Chest X-ray,resnet50,ResNet-50,seed44,16.0,0.7230483271375465,0.0,0.0,0.0,False,0.0
malaria,Malaria,resnet101,ResNet-101,seed42,0.1,0.9345417925478349,0.7421953675730111,0.7421953675730111,0.7421953675730111,False,0.0
malaria,Malaria,resnet101,ResNet-101,seed42,0.15,0.919436052366566,0.5780463242698892,0.5780463242698892,0.5780463242698892,False,0.0
malaria,Malaria,resnet101,ResNet-101,seed42,0.2,0.8982880161127895,0.4310171198388721,0.4310171198388721,0.4310171198388721,False,0.0
malaria,Malaria,resnet101,ResNet-101,seed42,0.25,0.8831822759315207,0.30916414904330314,0.30916414904330314,0.30916414904330314,False,0.0
malaria,Malaria,resnet101,ResNet-101,seed42,0.5,0.8449144008056395,0.059415911379657606,0.059415911379657606,0.059415911379657606,False,0.0
malaria,Malaria,resnet101,ResNet-101,seed42,1.0,0.8398791540785498,0.0030211480362537764,0.0030211480362537764,0.0030211480362537764,False,0.0
malaria,Malaria,resnet101,ResNet-101,seed42,2.0,0.8851963746223565,0.0,0.0,0.0,False,0.0
malaria,Malaria,resnet101,ResNet-101,seed42,4.0,0.9174219536757301,0.0,0.0,0.0,False,0.0
malaria,Malaria,resnet101,ResNet-101,seed42,8.0,0.8972809667673716,0.0,0.0,0.0,False,0.0
malaria,Malaria,resnet101,ResNet-101,seed42,16.0,0.7784491440080564,0.0,0.0,0.0,False,0.0
malaria,Malaria,resnet101,ResNet-101,seed43,0.1,0.8779011099899092,0.5489404641775983,0.5489404641775983,0.5489404641775983,False,0.0
malaria,Malaria,resnet101,ResNet-101,seed43,0.15,0.8446014127144299,0.30171543895055497,0.30171543895055497,0.30171543895055497,False,0.0
malaria,Malaria,resnet101,ResNet-101,seed43,0.2,0.8032290615539859,0.16044399596367306,0.16044399596367306,0.16044399596367306,False,0.0
malaria,Malaria,resnet101,ResNet-101,seed43,0.25,0.7800201816347124,0.07870837537840565,0.07870837537840565,0.07870837537840565,False,0.0
malaria,Malaria,resnet101,ResNet-101,seed43,0.5,0.739656912209889,0.0010090817356205853,0.0010090817356205853,0.0010090817356205853,False,0.0
malaria,Malaria,resnet101,ResNet-101,seed43,1.0,0.7588294651866802,0.0,0.0,0.0,False,0.0
malaria,Malaria,resnet101,ResNet-101,seed43,2.0,0.856710393541877,0.0,0.0,0.0,False,0.0
malaria,Malaria,resnet101,ResNet-101,seed43,4.0,0.9404641775983855,0.0,0.0,0.0,False,0.0
malaria,Malaria,resnet101,ResNet-101,seed43,8.0,0.9455095862764884,0.0,0.0,0.0,False,0.0
malaria,Malaria,resnet101,ResNet-101,seed43,16.0,0.4399596367305752,0.0,0.0,0.0,False,0.0
malaria,Malaria,resnet101,ResNet-101,seed44,0.1,0.9484638255698712,0.6402378592666006,0.6402378592666006,0.6402378592666006,False,0.0009910802775024777
malaria,Malaria,resnet101,ResNet-101,seed44,0.15,0.9365708622398414,0.41427155599603566,0.41427155599603566,0.41427155599603566,False,0.0009910802775024777
malaria,Malaria,resnet101,ResNet-101,seed44,0.2,0.931615460852329,0.2358771060455897,0.2358771060455897,0.2358771060455897,False,0.0009910802775024777
malaria,Malaria,resnet101,ResNet-101,seed44,0.25,0.9226957383548068,0.14073339940535184,0.14073339940535184,0.14073339940535184,False,0.0009910802775024777
malaria,Malaria,resnet101,ResNet-101,seed44,0.5,0.9157581764122894,0.019821605550049554,0.019821605550049554,0.019821605550049554,False,0.0009910802775024777
malaria,Malaria,resnet101,ResNet-101,seed44,1.0,0.9435084241823588,0.0009910802775024777,0.0009910802775024777,0.0009910802775024777,False,0.0009910802775024777
malaria,Malaria,resnet101,ResNet-101,seed44,2.0,0.977205153617443,0.0,0.0,0.0,False,0.0009910802775024777
malaria,Malaria,resnet101,ResNet-101,seed44,4.0,0.9841427155599604,0.0,0.0,0.0,False,0.0009910802775024777
malaria,Malaria,resnet101,ResNet-101,seed44,8.0,0.9573835480673935,0.0,0.0,0.0,False,0.0009910802775024777
malaria,Malaria,resnet101,ResNet-101,seed44,16.0,0.5887016848364718,0.0009910802775024777,0.0009910802775024777,0.0,True,0.0009910802775024777
malaria,Malaria,resnet152,ResNet-152,seed42,0.1,0.9737638748738647,0.941473259334006,0.941473259334006,0.941473259334006,False,0.0
malaria,Malaria,resnet152,ResNet-152,seed42,0.15,0.958627648839556,0.8900100908173562,0.8900100908173562,0.8900100908173562,False,0.0
malaria,Malaria,resnet152,ResNet-152,seed42,0.2,0.9475277497477296,0.8173562058526741,0.8173562058526741,0.8173562058526741,False,0.0
malaria,Malaria,resnet152,ResNet-152,seed42,0.25,0.9303733602421796,0.7467204843592331,0.7467204843592331,0.7467204843592331,False,0.0
malaria,Malaria,resnet152,ResNet-152,seed42,0.5,0.8940464177598385,0.3773965691220989,0.3773965691220989,0.3773965691220989,False,0.0
malaria,Malaria,resnet152,ResNet-152,seed42,1.0,0.8597376387487387,0.06357214934409687,0.06357214934409687,0.06357214934409687,False,0.0
malaria,Malaria,resnet152,ResNet-152,seed42,2.0,0.8395560040363269,0.0030272452068617556,0.0030272452068617556,0.0030272452068617556,False,0.0
malaria,Malaria,resnet152,ResNet-152,seed42,4.0,0.8607467204843592,0.0,0.0,0.0,False,0.0
malaria,Malaria,resnet152,ResNet-152,seed42,8.0,0.875882946518668,0.0,0.0,0.0,False,0.0
malaria,Malaria,resnet152,ResNet-152,seed42,16.0,0.739656912209889,0.0,0.0,0.0,False,0.0
malaria,Malaria,resnet152,ResNet-152,seed43,0.1,0.9575328614762386,0.9413549039433772,0.9413549039433772,0.9413549039433772,False,0.0
malaria,Malaria,resnet152,ResNet-152,seed43,0.15,0.942366026289181,0.8877654196157735,0.8877654196157735,0.8877654196157735,False,0.0
malaria,Malaria,resnet152,ResNet-152,seed43,0.2,0.9271991911021233,0.8281092012133469,0.8281092012133469,0.8281092012133469,False,0.0
malaria,Malaria,resnet152,ResNet-152,seed43,0.25,0.9110212335692619,0.7593528816986855,0.7593528816986855,0.7593528816986855,False,0.0
malaria,Malaria,resnet152,ResNet-152,seed43,0.5,0.839231547017189,0.3569261880687563,0.3569261880687563,0.3569261880687563,False,0.0
malaria,Malaria,resnet152,ResNet-152,seed43,1.0,0.782608695652174,0.03741152679474216,0.03741152679474216,0.03741152679474216,False,0.0
malaria,Malaria,resnet152,ResNet-152,seed43,2.0,0.7714863498483316,0.0010111223458038423,0.0010111223458038423,0.0010111223458038423,False,0.0
malaria,Malaria,resnet152,ResNet-152,seed43,4.0,0.8018200202224469,0.0,0.0,0.0,False,0.0
malaria,Malaria,resnet152,ResNet-152,seed43,8.0,0.8200202224469161,0.0,0.0,0.0,False,0.0
malaria,Malaria,resnet152,ResNet-152,seed43,16.0,0.7745197168857432,0.0,0.0,0.0,False,0.0
malaria,Malaria,resnet152,ResNet-152,seed44,0.1,0.981243830207305,0.9693978282329714,0.9693978282329714,0.9693978282329714,False,0.0
malaria,Malaria,resnet152,ResNet-152,seed44,0.15,0.9733464955577492,0.928923988153998,0.928923988153998,0.928923988153998,False,0.0
malaria,Malaria,resnet152,ResNet-152,seed44,0.2,0.9634748272458046,0.8973346495557749,0.8973346495557749,0.8973346495557749,False,0.0
malaria,Malaria,resnet152,ResNet-152,seed44,0.25,0.9447186574531096,0.8400789733464955,0.8400789733464955,0.8400789733464955,False,0.0
malaria,Malaria,resnet152,ResNet-152,seed44,0.5,0.9002961500493584,0.47581441263573543,0.47581441263573543,0.47581441263573543,False,0.0
malaria,Malaria,resnet152,ResNet-152,seed44,1.0,0.8538993089832182,0.0384995064165844,0.0384995064165844,0.0384995064165844,False,0.0
malaria,Malaria,resnet152,ResNet-152,seed44,2.0,0.8371174728529122,0.0,0.0,0.0,False,0.0
malaria,Malaria,resnet152,ResNet-152,seed44,4.0,0.8657453109575518,0.0,0.0,0.0,False,0.0
malaria,Malaria,resnet152,ResNet-152,seed44,8.0,0.8558736426456071,0.0,0.0,0.0,False,0.0
malaria,Malaria,resnet152,ResNet-152,seed44,16.0,0.7877591312931885,0.0,0.0,0.0,False,0.0
malaria,Malaria,resnet18,ResNet-18,seed42,0.1,0.9567404426559356,0.9245472837022133,0.9245472837022133,0.9245472837022133,False,0.0
malaria,Malaria,resnet18,ResNet-18,seed42,0.15,0.9325955734406438,0.8440643863179075,0.8440643863179075,0.8440643863179075,False,0.0
malaria,Malaria,resnet18,ResNet-18,seed42,0.2,0.9024144869215291,0.7454728370221329,0.7454728370221329,0.7454728370221329,False,0.0
malaria,Malaria,resnet18,ResNet-18,seed42,0.25,0.8742454728370221,0.6327967806841046,0.6327967806841046,0.6327967806841046,False,0.0
malaria,Malaria,resnet18,ResNet-18,seed42,0.5,0.7967806841046278,0.11167002012072434,0.11167002012072434,0.11167002012072434,False,0.0
malaria,Malaria,resnet18,ResNet-18,seed42,1.0,0.7173038229376257,0.002012072434607646,0.002012072434607646,0.002012072434607646,False,0.0
malaria,Malaria,resnet18,ResNet-18,seed42,2.0,0.6680080482897385,0.0,0.0,0.0,False,0.0
malaria,Malaria,resnet18,ResNet-18,seed42,4.0,0.704225352112676,0.0,0.0,0.0,False,0.0
malaria,Malaria,resnet18,ResNet-18,seed42,8.0,0.7233400402414487,0.0,0.0,0.0,False,0.0
malaria,Malaria,resnet18,ResNet-18,seed42,16.0,0.7132796780684104,0.0,0.0,0.0,False,0.0
malaria,Malaria,resnet18,ResNet-18,seed43,0.1,0.9688442211055276,0.9567839195979899,0.9567839195979899,0.9567839195979899,False,0.0
malaria,Malaria,resnet18,ResNet-18,seed43,0.15,0.9527638190954774,0.9216080402010051,0.9216080402010051,0.9216080402010051,False,0.0
malaria,Malaria,resnet18,ResNet-18,seed43,0.2,0.9376884422110553,0.8653266331658291,0.8653266331658291,0.8653266331658291,False,0.0
malaria,Malaria,resnet18,ResNet-18,seed43,0.25,0.9256281407035176,0.8040201005025126,0.8040201005025126,0.8040201005025126,False,0.0
malaria,Malaria,resnet18,ResNet-18,seed43,0.5,0.8552763819095477,0.2904522613065327,0.2904522613065327,0.2904522613065327,False,0.0
malaria,Malaria,resnet18,ResNet-18,seed43,1.0,0.7899497487437186,0.005025125628140704,0.005025125628140704,0.005025125628140704,False,0.0
malaria,Malaria,resnet18,ResNet-18,seed43,2.0,0.7477386934673367,0.0,0.0,0.0,False,0.0
malaria,Malaria,resnet18,ResNet-18,seed43,4.0,0.7668341708542713,0.0,0.0,0.0,False,0.0
malaria,Malaria,resnet18,ResNet-18,seed43,8.0,0.8060301507537688,0.0,0.0,0.0,False,0.0
malaria,Malaria,resnet18,ResNet-18,seed43,16.0,0.7758793969849246,0.0,0.0,0.0,False,0.0
malaria,Malaria,resnet18,ResNet-18,seed44,0.1,0.9703557312252964,0.9545454545454546,0.9545454545454546,0.9545454545454546,False,0.0
malaria,Malaria,resnet18,ResNet-18,seed44,0.15,0.9545454545454546,0.900197628458498,0.900197628458498,0.900197628458498,False,0.0
malaria,Malaria,resnet18,ResNet-18,seed44,0.2,0.9347826086956522,0.8399209486166008,0.8399209486166008,0.8399209486166008,False,0.0
malaria,Malaria,resnet18,ResNet-18,seed44,0.25,0.9209486166007905,0.7223320158102767,0.7223320158102767,0.7223320158102767,False,0.0
malaria,Malaria,resnet18,ResNet-18,seed44,0.5,0.8527667984189723,0.17094861660079053,0.17094861660079053,0.17094861660079053,False,0.0
malaria,Malaria,resnet18,ResNet-18,seed44,1.0,0.7835968379446641,0.0009881422924901185,0.0009881422924901185,0.0009881422924901185,False,0.0
malaria,Malaria,resnet18,ResNet-18,seed44,2.0,0.7430830039525692,0.0,0.0,0.0,False,0.0
malaria,Malaria,resnet18,ResNet-18,seed44,4.0,0.7628458498023716,0.0,0.0,0.0,False,0.0
malaria,Malaria,resnet18,ResNet-18,seed44,8.0,0.791501976284585,0.0,0.0,0.0,False,0.0
malaria,Malaria,resnet18,ResNet-18,seed44,16.0,0.7835968379446641,0.0,0.0,0.0,False,0.0
malaria,Malaria,resnet34,ResNet-34,seed42,0.1,0.9294354838709677,0.8538306451612904,0.8538306451612904,0.8538306451612904,False,0.0
malaria,Malaria,resnet34,ResNet-34,seed42,0.15,0.8891129032258065,0.7016129032258065,0.7016129032258065,0.7016129032258065,False,0.0
malaria,Malaria,resnet34,ResNet-34,seed42,0.2,0.8457661290322581,0.5181451612903226,0.5181451612903226,0.5181451612903226,False,0.0
malaria,Malaria,resnet34,ResNet-34,seed42,0.25,0.813508064516129,0.33669354838709675,0.33669354838709675,0.33669354838709675,False,0.0
malaria,Malaria,resnet34,ResNet-34,seed42,0.5,0.7036290322580645,0.011088709677419355,0.011088709677419355,0.011088709677419355,False,0.0
malaria,Malaria,resnet34,ResNet-34,seed42,1.0,0.6078629032258065,0.0,0.0,0.0,False,0.0
malaria,Malaria,resnet34,ResNet-34,seed42,2.0,0.6159274193548387,0.0,0.0,0.0,False,0.0
malaria,Malaria,resnet34,ResNet-34,seed42,4.0,0.7298387096774194,0.0,0.0,0.0,False,0.0
malaria,Malaria,resnet34,ResNet-34,seed42,8.0,0.8256048387096774,0.0,0.0,0.0,False,0.0
malaria,Malaria,resnet34,ResNet-34,seed42,16.0,0.8457661290322581,0.0,0.0,0.0,False,0.0
malaria,Malaria,resnet34,ResNet-34,seed43,0.1,0.9022177419354839,0.8195564516129032,0.8195564516129032,0.8195564516129032,False,0.0
malaria,Malaria,resnet34,ResNet-34,seed43,0.15,0.8639112903225806,0.6733870967741935,0.6733870967741935,0.6733870967741935,False,0.0
malaria,Malaria,resnet34,ResNet-34,seed43,0.2,0.8306451612903226,0.4566532258064516,0.4566532258064516,0.4566532258064516,False,0.0
malaria,Malaria,resnet34,ResNet-34,seed43,0.25,0.7983870967741935,0.2872983870967742,0.2872983870967742,0.2872983870967742,False,0.0
malaria,Malaria,resnet34,ResNet-34,seed43,0.5,0.7016129032258065,0.004032258064516129,0.004032258064516129,0.004032258064516129,False,0.0
malaria,Malaria,resnet34,ResNet-34,seed43,1.0,0.6179435483870968,0.0,0.0,0.0,False,0.0
malaria,Malaria,resnet34,ResNet-34,seed43,2.0,0.6300403225806451,0.0,0.0,0.0,False,0.0
malaria,Malaria,resnet34,ResNet-34,seed43,4.0,0.7459677419354839,0.0,0.0,0.0,False,0.0
malaria,Malaria,resnet34,ResNet-34,seed43,8.0,0.8588709677419355,0.0,0.0,0.0,False,0.0
malaria,Malaria,resnet34,ResNet-34,seed43,16.0,0.8931451612903226,0.0,0.0,0.0,False,0.0
malaria,Malaria,resnet34,ResNet-34,seed44,0.1,0.96751968503937,0.9242125984251969,0.9242125984251969,0.9242125984251969,False,0.0
malaria,Malaria,resnet34,ResNet-34,seed44,0.15,0.9488188976377953,0.8307086614173228,0.8307086614173228,0.8307086614173228,False,0.0
malaria,Malaria,resnet34,ResNet-34,seed44,0.2,0.9320866141732284,0.7086614173228346,0.7086614173228346,0.7086614173228346,False,0.0
malaria,Malaria,resnet34,ResNet-34,seed44,0.25,0.9163385826771654,0.5708661417322834,0.5708661417322834,0.5708661417322834,False,0.0
malaria,Malaria,resnet34,ResNet-34,seed44,0.5,0.8681102362204725,0.10236220472440945,0.10236220472440945,0.10236220472440945,False,0.0
malaria,Malaria,resnet34,ResNet-34,seed44,1.0,0.8366141732283464,0.000984251968503937,0.000984251968503937,0.000984251968503937,False,0.0
malaria,Malaria,resnet34,ResNet-34,seed44,2.0,0.8198818897637795,0.0,0.0,0.0,False,0.0
malaria,Malaria,resnet34,ResNet-34,seed44,4.0,0.8316929133858267,0.0,0.0,0.0,False,0.0
malaria,Malaria,resnet34,ResNet-34,seed44,8.0,0.812992125984252,0.0,0.0,0.0,False,0.0
malaria,Malaria,resnet34,ResNet-34,seed44,16.0,0.7431102362204725,0.0,0.0,0.0,False,0.0
malaria,Malaria,resnet50,ResNet-50,seed42,0.1,0.907258064516129,0.7429435483870968,0.7429435483870968,0.7429435483870968,False,0.0
malaria,Malaria,resnet50,ResNet-50,seed42,0.15,0.8830645161290323,0.5413306451612904,0.5413306451612904,0.5413306451612904,False,0.0
malaria,Malaria,resnet50,ResNet-50,seed42,0.2,0.8588709677419355,0.3316532258064516,0.3316532258064516,0.3316532258064516,False,0.0
malaria,Malaria,resnet50,ResNet-50,seed42,0.25,0.8397177419354839,0.18951612903225806,0.18951612903225806,0.18951612903225806,False,0.0
malaria,Malaria,resnet50,ResNet-50,seed42,0.5,0.7721774193548387,0.007056451612903226,0.007056451612903226,0.007056451612903226,False,0.0
malaria,Malaria,resnet50,ResNet-50,seed42,1.0,0.7631048387096774,0.0,0.0,0.0,False,0.0
malaria,Malaria,resnet50,ResNet-50,seed42,2.0,0.8145161290322581,0.0,0.0,0.0,False,0.0
malaria,Malaria,resnet50,ResNet-50,seed42,4.0,0.8689516129032258,0.0,0.0,0.0,False,0.0
malaria,Malaria,resnet50,ResNet-50,seed42,8.0,0.8286290322580645,0.0,0.0,0.0,False,0.0
malaria,Malaria,resnet50,ResNet-50,seed42,16.0,0.7237903225806451,0.0,0.0,0.0,False,0.0
malaria,Malaria,resnet50,ResNet-50,seed43,0.1,0.9127382146439318,0.7542627883650953,0.7542627883650953,0.7542627883650953,False,0.0
malaria,Malaria,resnet50,ResNet-50,seed43,0.15,0.8746238716148446,0.5195586760280843,0.5195586760280843,0.5195586760280843,False,0.0
malaria,Malaria,resnet50,ResNet-50,seed43,0.2,0.8445336008024072,0.2958876629889669,0.2958876629889669,0.2958876629889669,False,0.0
malaria,Malaria,resnet50,ResNet-50,seed43,0.25,0.8214643931795386,0.1765295887662989,0.1765295887662989,0.1765295887662989,False,0.0
malaria,Malaria,resnet50,ResNet-50,seed43,0.5,0.7512537612838516,0.00802407221664995,0.00802407221664995,0.00802407221664995,False,0.0
malaria,Malaria,resnet50,ResNet-50,seed43,1.0,0.7321965897693079,0.0,0.0,0.0,False,0.0
malaria,Malaria,resnet50,ResNet-50,seed43,2.0,0.7893681043129388,0.0,0.0,0.0,False,0.0
malaria,Malaria,resnet50,ResNet-50,seed43,4.0,0.8776328986960883,0.0,0.0,0.0,False,0.0
malaria,Malaria,resnet50,ResNet-50,seed43,8.0,0.917753259779338,0.0,0.0,0.0,False,0.0
malaria,Malaria,resnet50,ResNet-50,seed43,16.0,0.9137412236710131,0.0,0.0,0.0,False,0.0
malaria,Malaria,resnet50,ResNet-50,seed44,0.1,0.9070227497527201,0.7566765578635015,0.7566765578635015,0.7566765578635015,False,0.0
malaria,Malaria,resnet50,ResNet-50,seed44,0.15,0.8793273986152325,0.5588526211671613,0.5588526211671613,0.5588526211671613,False,0.0
malaria,Malaria,resnet50,ResNet-50,seed44,0.2,0.8526211671612265,0.3649851632047478,0.3649851632047478,0.3649851632047478,False,0.0
malaria,Malaria,resnet50,ResNet-50,seed44,0.25,0.8288822947576657,0.20178041543026706,0.20178041543026706,0.20178041543026706,False,0.0
malaria,Malaria,resnet50,ResNet-50,seed44,0.5,0.7705242334322453,0.004945598417408506,0.004945598417408506,0.004945598417408506,False,0.0
malaria,Malaria,resnet50,ResNet-50,seed44,1.0,0.7655786350148368,0.0,0.0,0.0,False,0.0
malaria,Malaria,resnet50,ResNet-50,seed44,2.0,0.8259149357072205,0.0,0.0,0.0,False,0.0
malaria,Malaria,resnet50,ResNet-50,seed44,4.0,0.8793273986152325,0.0,0.0,0.0,False,0.0
malaria,Malaria,resnet50,ResNet-50,seed44,8.0,0.857566765578635,0.0,0.0,0.0,False,0.0
malaria,Malaria,resnet50,ResNet-50,seed44,16.0,0.7151335311572701,0.0,0.0,0.0,False,0.0
oct2017,OCT,resnet101,ResNet-101,seed42,0.1,0.9127725856697819,0.26895119418483904,0.26895119418483904,0.26895119418483904,False,0.0020768431983385254
oct2017,OCT,resnet101,ResNet-101,seed42,0.15,0.8961578400830738,0.1536863966770509,0.1536863966770509,0.1536863966770509,False,0.0020768431983385254
oct2017,OCT,resnet101,ResNet-101,seed42,0.2,0.8836967808930426,0.102803738317757,0.102803738317757,0.102803738317757,False,0.0020768431983385254
oct2017,OCT,resnet101,ResNet-101,seed42,0.25,0.8785046728971962,0.07684319833852545,0.07684319833852545,0.07684319833852545,False,0.0020768431983385254
oct2017,OCT,resnet101,ResNet-101,seed42,0.5,0.8733125649013499,0.029075804776739357,0.029075804776739357,0.029075804776739357,False,0.0020768431983385254
oct2017,OCT,resnet101,ResNet-101,seed42,1.0,0.8795430944963655,0.013499480789200415,0.013499480789200415,0.013499480789200415,False,0.0020768431983385254
oct2017,OCT,resnet101,ResNet-101,seed42,2.0,0.8868120456905504,0.008307372793354102,0.008307372793354102,0.008307372793354102,False,0.0020768431983385254
oct2017,OCT,resnet101,ResNet-101,seed42,4.0,0.8525441329179647,0.0020768431983385254,0.0020768431983385254,0.0020768431983385254,False,0.0020768431983385254
oct2017,OCT,resnet101,ResNet-101,seed42,8.0,0.3707165109034268,0.004153686396677051,0.004153686396677051,0.0020768431983385254,True,0.0020768431983385254
oct2017,OCT,resnet101,ResNet-101,seed42,16.0,0.2554517133956386,0.0020768431983385254,0.0020768431983385254,0.0020768431983385254,False,0.0020768431983385254
oct2017,OCT,resnet101,ResNet-101,seed43,0.1,0.8830227743271222,0.08488612836438923,0.08488612836438923,0.08488612836438923,False,0.0
oct2017,OCT,resnet101,ResNet-101,seed43,0.15,0.8623188405797102,0.022774327122153208,0.022774327122153208,0.022774327122153208,False,0.0
oct2017,OCT,resnet101,ResNet-101,seed43,0.2,0.8571428571428571,0.012422360248447204,0.012422360248447204,0.012422360248447204,False,0.0
oct2017,OCT,resnet101,ResNet-101,seed43,0.25,0.8467908902691511,0.004140786749482402,0.004140786749482402,0.004140786749482402,False,0.0
oct2017,OCT,resnet101,ResNet-101,seed43,0.5,0.855072463768116,0.0010351966873706005,0.0010351966873706005,0.0010351966873706005,False,0.0
oct2017,OCT,resnet101,ResNet-101,seed43,1.0,0.901656314699793,0.0,0.0,0.0,False,0.0
oct2017,OCT,resnet101,ResNet-101,seed43,2.0,0.906832298136646,0.0,0.0,0.0,False,0.0
oct2017,OCT,resnet101,ResNet-101,seed43,4.0,0.8188405797101449,0.0,0.0,0.0,False,0.0
oct2017,OCT,resnet101,ResNet-101,seed43,8.0,0.39233954451345754,0.0,0.0,0.0,False,0.0
oct2017,OCT,resnet101,ResNet-101,seed43,16.0,0.2650103519668737,0.0,0.0,0.0,False,0.0
oct2017,OCT,resnet101,ResNet-101,seed44,0.1,0.8373056994818653,0.16683937823834197,0.16683937823834197,0.16683937823834197,False,0.0
oct2017,OCT,resnet101,ResNet-101,seed44,0.15,0.8093264248704664,0.0694300518134715,0.0694300518134715,0.0694300518134715,False,0.0
oct2017,OCT,resnet101,ResNet-101,seed44,0.2,0.8010362694300518,0.03730569948186528,0.03730569948186528,0.03730569948186528,False,0.0
oct2017,OCT,resnet101,ResNet-101,seed44,0.25,0.7979274611398963,0.029015544041450778,0.029015544041450778,0.029015544041450778,False,0.0
oct2017,OCT,resnet101,ResNet-101,seed44,0.5,0.8093264248704664,0.011398963730569948,0.011398963730569948,0.011398963730569948,False,0.0
oct2017,OCT,resnet101,ResNet-101,seed44,1.0,0.8404145077720208,0.0051813471502590676,0.0051813471502590676,0.0051813471502590676,False,0.0
oct2017,OCT,resnet101,ResNet-101,seed44,2.0,0.8797927461139896,0.0010362694300518134,0.0010362694300518134,0.0010362694300518134,False,0.0
oct2017,OCT,resnet101,ResNet-101,seed44,4.0,0.7927461139896373,0.0010362694300518134,0.0010362694300518134,0.0010362694300518134,False,0.0
oct2017,OCT,resnet101,ResNet-101,seed44,8.0,0.2528497409326425,0.0,0.0,0.0,False,0.0
oct2017,OCT,resnet101,ResNet-101,seed44,16.0,0.25077720207253884,0.0,0.0,0.0,False,0.0
oct2017,OCT,resnet152,ResNet-152,seed42,0.1,0.9409937888198758,0.6004140786749482,0.6004140786749482,0.6004140786749482,False,0.0
oct2017,OCT,resnet152,ResNet-152,seed42,0.15,0.9151138716356108,0.36542443064182195,0.36542443064182195,0.36542443064182195,False,0.0
oct2017,OCT,resnet152,ResNet-152,seed42,0.2,0.8985507246376812,0.21428571428571427,0.21428571428571427,0.21428571428571427,False,0.0
oct2017,OCT,resnet152,ResNet-152,seed42,0.25,0.8819875776397516,0.11387163561076605,0.11387163561076605,0.11387163561076605,False,0.0
oct2017,OCT,resnet152,ResNet-152,seed42,0.5,0.84472049689441,0.011387163561076604,0.011387163561076604,0.011387163561076604,False,0.0
oct2017,OCT,resnet152,ResNet-152,seed42,1.0,0.8374741200828157,0.0,0.0,0.0,False,0.0
oct2017,OCT,resnet152,ResNet-152,seed42,2.0,0.8302277432712215,0.0,0.0,0.0,False,0.0
oct2017,OCT,resnet152,ResNet-152,seed42,4.0,0.8033126293995859,0.0,0.0,0.0,False,0.0
oct2017,OCT,resnet152,ResNet-152,seed42,8.0,0.7329192546583851,0.0,0.0,0.0,False,0.0
oct2017,OCT,resnet152,ResNet-152,seed42,16.0,0.5507246376811594,0.0,0.0,0.0,False,0.0
oct2017,OCT,resnet152,ResNet-152,seed43,0.1,0.938860103626943,0.5523316062176166,0.5523316062176166,0.5523316062176166,False,0.0
oct2017,OCT,resnet152,ResNet-152,seed43,0.15,0.9243523316062177,0.28186528497409324,0.28186528497409324,0.28186528497409324,False,0.0
oct2017,OCT,resnet152,ResNet-152,seed43,0.2,0.9036269430051813,0.13989637305699482,0.13989637305699482,0.13989637305699482,False,0.0
oct2017,OCT,resnet152,ResNet-152,seed43,0.25,0.8901554404145078,0.05181347150259067,0.05181347150259067,0.05181347150259067,False,0.0
oct2017,OCT,resnet152,ResNet-152,seed43,0.5,0.8559585492227979,0.0031088082901554403,0.0031088082901554403,0.0031088082901554403,False,0.0
oct2017,OCT,resnet152,ResNet-152,seed43,1.0,0.8207253886010363,0.0,0.0,0.0,False,0.0
oct2017,OCT,resnet152,ResNet-152,seed43,2.0,0.816580310880829,0.0,0.0,0.0,False,0.0
oct2017,OCT,resnet152,ResNet-152,seed43,4.0,0.8217616580310881,0.0,0.0,0.0,False,0.0
oct2017,OCT,resnet152,ResNet-152,seed43,8.0,0.7233160621761658,0.0,0.0,0.0,False,0.0
oct2017,OCT,resnet152,ResNet-152,seed43,16.0,0.2756476683937824,0.0,0.0,0.0,False,0.0
oct2017,OCT,resnet152,ResNet-152,seed44,0.1,0.9461139896373058,0.6746113989637306,0.6746113989637306,0.6746113989637306,False,0.0
oct2017,OCT,resnet152,ResNet-152,seed44,0.15,0.9139896373056995,0.40518134715025905,0.40518134715025905,0.40518134715025905,False,0.0
oct2017,OCT,resnet152,ResNet-152,seed44,0.2,0.8797927461139896,0.23005181347150258,0.23005181347150258,0.23005181347150258,False,0.0
oct2017,OCT,resnet152,ResNet-152,seed44,0.25,0.8632124352331606,0.12435233160621761,0.12435233160621761,0.12435233160621761,False,0.0
oct2017,OCT,resnet152,ResNet-152,seed44,0.5,0.8072538860103627,0.007253886010362694,0.007253886010362694,0.007253886010362694,False,0.0
oct2017,OCT,resnet152,ResNet-152,seed44,1.0,0.7658031088082902,0.0,0.0,0.0,False,0.0
oct2017,OCT,resnet152,ResNet-152,seed44,2.0,0.7284974093264248,0.0,0.0,0.0,False,0.0
oct2017,OCT,resnet152,ResNet-152,seed44,4.0,0.7284974093264248,0.0,0.0,0.0,False,0.0
oct2017,OCT,resnet152,ResNet-152,seed44,8.0,0.6756476683937824,0.0,0.0,0.0,False,0.0
oct2017,OCT,resnet152,ResNet-152,seed44,16.0,0.43316062176165804,0.0,0.0,0.0,False,0.0
oct2017,OCT,resnet18,ResNet-18,seed42,0.1,0.8908523908523909,0.5634095634095634,0.5634095634095634,0.5634095634095634,False,0.0
oct2017,OCT,resnet18,ResNet-18,seed42,0.15,0.8440748440748441,0.3004158004158004,0.3004158004158004,0.3004158004158004,False,0.0
oct2017,OCT,resnet18,ResNet-18,seed42,0.2,0.7941787941787942,0.15176715176715178,0.15176715176715178,0.15176715176715178,False,0.0
oct2017,OCT,resnet18,ResNet-18,seed42,0.25,0.7567567567567568,0.07796257796257797,0.07796257796257797,0.07796257796257797,False,0.0
oct2017,OCT,resnet18,ResNet-18,seed42,0.5,0.6403326403326404,0.005197505197505198,0.005197505197505198,0.005197505197505198,False,0.0
oct2017,OCT,resnet18,ResNet-18,seed42,1.0,0.5623700623700624,0.0,0.0,0.0,False,0.0
oct2017,OCT,resnet18,ResNet-18,seed42,2.0,0.5446985446985447,0.0,0.0,0.0,False,0.0
oct2017,OCT,resnet18,ResNet-18,seed42,4.0,0.5498960498960499,0.0,0.0,0.0,False,0.0
oct2017,OCT,resnet18,ResNet-18,seed42,8.0,0.3627858627858628,0.0,0.0,0.0,False,0.0
oct2017,OCT,resnet18,ResNet-18,seed42,16.0,0.2505197505197505,0.0,0.0,0.0,False,0.0
oct2017,OCT,resnet18,ResNet-18,seed43,0.1,0.8267634854771784,0.38381742738589214,0.38381742738589214,0.38381742738589214,False,0.0
oct2017,OCT,resnet18,ResNet-18,seed43,0.15,0.7396265560165975,0.1078838174273859,0.1078838174273859,0.1078838174273859,False,0.0
oct2017,OCT,resnet18,ResNet-18,seed43,0.2,0.6846473029045643,0.03112033195020747,0.03112033195020747,0.03112033195020747,False,0.0
oct2017,OCT,resnet18,ResNet-18,seed43,0.25,0.6462655601659751,0.015560165975103735,0.015560165975103735,0.015560165975103735,False,0.0
oct2017,OCT,resnet18,ResNet-18,seed43,0.5,0.5726141078838174,0.0,0.0,0.0,False,0.0
oct2017,OCT,resnet18,ResNet-18,seed43,1.0,0.5549792531120332,0.0,0.0,0.0,False,0.0
oct2017,OCT,resnet18,ResNet-18,seed43,2.0,0.5736514522821576,0.0,0.0,0.0,False,0.0
oct2017,OCT,resnet18,ResNet-18,seed43,4.0,0.6016597510373444,0.0,0.0,0.0,False,0.0
oct2017,OCT,resnet18,ResNet-18,seed43,8.0,0.5560165975103735,0.0,0.0,0.0,False,0.0
oct2017,OCT,resnet18,ResNet-18,seed43,16.0,0.2479253112033195,0.0,0.0,0.0,False,0.0
oct2017,OCT,resnet18,ResNet-18,seed44,0.1,0.8746113989637305,0.47461139896373056,0.47461139896373056,0.47461139896373056,False,0.0
oct2017,OCT,resnet18,ResNet-18,seed44,0.15,0.8010362694300518,0.16062176165803108,0.16062176165803108,0.16062176165803108,False,0.0
oct2017,OCT,resnet18,ResNet-18,seed44,0.2,0.7419689119170985,0.04870466321243523,0.04870466321243523,0.04870466321243523,False,0.0
oct2017,OCT,resnet18,ResNet-18,seed44,0.25,0.6984455958549223,0.01865284974093264,0.01865284974093264,0.01865284974093264,False,0.0
oct2017,OCT,resnet18,ResNet-18,seed44,0.5,0.5761658031088083,0.0,0.0,0.0,False,0.0
oct2017,OCT,resnet18,ResNet-18,seed44,1.0,0.5398963730569948,0.0,0.0,0.0,False,0.0
oct2017,OCT,resnet18,ResNet-18,seed44,2.0,0.5430051813471503,0.0,0.0,0.0,False,0.0
oct2017,OCT,resnet18,ResNet-18,seed44,4.0,0.6103626943005181,0.0,0.0,0.0,False,0.0
oct2017,OCT,resnet18,ResNet-18,seed44,8.0,0.6186528497409326,0.0,0.0,0.0,False,0.0
oct2017,OCT,resnet18,ResNet-18,seed44,16.0,0.30984455958549223,0.0,0.0,0.0,False,0.0
oct2017,OCT,resnet34,ResNet-34,seed42,0.1,0.9264248704663213,0.46113989637305697,0.46113989637305697,0.46113989637305697,False,0.0
oct2017,OCT,resnet34,ResNet-34,seed42,0.15,0.894300518134715,0.22383419689119172,0.22383419689119172,0.22383419689119172,False,0.0
oct2017,OCT,resnet34,ResNet-34,seed42,0.2,0.8694300518134715,0.12435233160621761,0.12435233160621761,0.12435233160621761,False,0.0
oct2017,OCT,resnet34,ResNet-34,seed42,0.25,0.8538860103626943,0.06321243523316063,0.06321243523316063,0.06321243523316063,False,0.0
oct2017,OCT,resnet34,ResNet-34,seed42,0.5,0.783419689119171,0.007253886010362694,0.007253886010362694,0.007253886010362694,False,0.0
oct2017,OCT,resnet34,ResNet-34,seed42,1.0,0.7450777202072539,0.0,0.0,0.0,False,0.0
oct2017,OCT,resnet34,ResNet-34,seed42,2.0,0.6860103626943005,0.0,0.0,0.0,False,0.0
oct2017,OCT,resnet34,ResNet-34,seed42,4.0,0.6259067357512953,0.0,0.0,0.0,False,0.0
oct2017,OCT,resnet34,ResNet-34,seed42,8.0,0.6051813471502591,0.0,0.0,0.0,False,0.0
oct2017,OCT,resnet34,ResNet-34,seed42,16.0,0.32849740932642485,0.0,0.0,0.0,False,0.0
oct2017,OCT,resnet34,ResNet-34,seed43,0.1,0.9077720207253887,0.37305699481865284,0.37305699481865284,0.37305699481865284,False,0.0
oct2017,OCT,resnet34,ResNet-34,seed43,0.15,0.8766839378238342,0.15129533678756477,0.15129533678756477,0.15129533678756477,False,0.0
oct2017,OCT,resnet34,ResNet-34,seed43,0.2,0.8487046632124352,0.061139896373056994,0.061139896373056994,0.061139896373056994,False,0.0
oct2017,OCT,resnet34,ResNet-34,seed43,0.25,0.8269430051813471,0.027979274611398965,0.027979274611398965,0.027979274611398965,False,0.0
oct2017,OCT,resnet34,ResNet-34,seed43,0.5,0.7989637305699482,0.0,0.0,0.0,False,0.0
oct2017,OCT,resnet34,ResNet-34,seed43,1.0,0.7658031088082902,0.0,0.0,0.0,False,0.0
oct2017,OCT,resnet34,ResNet-34,seed43,2.0,0.7264248704663212,0.0,0.0,0.0,False,0.0
oct2017,OCT,resnet34,ResNet-34,seed43,4.0,0.7077720207253886,0.0,0.0,0.0,False,0.0
oct2017,OCT,resnet34,ResNet-34,seed43,8.0,0.6642487046632124,0.0,0.0,0.0,False,0.0
oct2017,OCT,resnet34,ResNet-34,seed43,16.0,0.30569948186528495,0.0,0.0,0.0,False,0.0
oct2017,OCT,resnet34,ResNet-34,seed44,0.1,0.9044652128764278,0.3333333333333333,0.3333333333333333,0.3333333333333333,False,0.0
oct2017,OCT,resnet34,ResNet-34,seed44,0.15,0.8681204569055037,0.1360332294911734,0.1360332294911734,0.1360332294911734,False,0.0
oct2017,OCT,resnet34,ResNet-34,seed44,0.2,0.8473520249221184,0.06645898234683281,0.06645898234683281,0.06645898234683281,False,0.0
oct2017,OCT,resnet34,ResNet-34,seed44,0.25,0.8317757009345794,0.03946002076843198,0.03946002076843198,0.03946002076843198,False,0.0
oct2017,OCT,resnet34,ResNet-34,seed44,0.5,0.7497403946002077,0.003115264797507788,0.003115264797507788,0.003115264797507788,False,0.0
oct2017,OCT,resnet34,ResNet-34,seed44,1.0,0.7144340602284528,0.0,0.0,0.0,False,0.0
oct2017,OCT,resnet34,ResNet-34,seed44,2.0,0.6905503634475597,0.0,0.0,0.0,False,0.0
oct2017,OCT,resnet34,ResNet-34,seed44,4.0,0.6656282450674974,0.0,0.0,0.0,False,0.0
oct2017,OCT,resnet34,ResNet-34,seed44,8.0,0.5867082035306335,0.0,0.0,0.0,False,0.0
oct2017,OCT,resnet34,ResNet-34,seed44,16.0,0.24714434060228452,0.0,0.0,0.0,False,0.0
oct2017,OCT,resnet50,ResNet-50,seed42,0.1,0.9100310237849017,0.32574974146845914,0.32574974146845914,0.32574974146845914,False,0.0
oct2017,OCT,resnet50,ResNet-50,seed42,0.15,0.8862461220268872,0.13857290589451912,0.13857290589451912,0.13857290589451912,False,0.0
oct2017,OCT,resnet50,ResNet-50,seed42,0.2,0.8728024819027922,0.08066184074457083,0.08066184074457083,0.08066184074457083,False,0.0
oct2017,OCT,resnet50,ResNet-50,seed42,0.25,0.8634953464322648,0.04239917269906929,0.04239917269906929,0.04239917269906929,False,0.0
oct2017,OCT,resnet50,ResNet-50,seed42,0.5,0.8541882109617374,0.005170630816959669,0.005170630816959669,0.005170630816959669,False,0.0
oct2017,OCT,resnet50,ResNet-50,seed42,1.0,0.8304033092037229,0.0,0.0,0.0,False,0.0
oct2017,OCT,resnet50,ResNet-50,seed42,2.0,0.750775594622544,0.0,0.0,0.0,False,0.0
oct2017,OCT,resnet50,ResNet-50,seed42,4.0,0.609100310237849,0.0,0.0,0.0,False,0.0
oct2017,OCT,resnet50,ResNet-50,seed42,8.0,0.4591520165460186,0.0,0.0,0.0,False,0.0
oct2017,OCT,resnet50,ResNet-50,seed42,16.0,0.28024819027921405,0.0,0.0,0.0,False,0.0
oct2017,OCT,resnet50,ResNet-50,seed43,0.1,0.8917793964620188,0.1331945889698231,0.1331945889698231,0.1331945889698231,False,0.0
oct2017,OCT,resnet50,ResNet-50,seed43,0.15,0.8678459937565036,0.04266389177939646,0.04266389177939646,0.04266389177939646,False,0.0
oct2017,OCT,resnet50,ResNet-50,seed43,0.2,0.8605619146722164,0.013527575442247659,0.013527575442247659,0.013527575442247659,False,0.0
oct2017,OCT,resnet50,ResNet-50,seed43,0.25,0.8605619146722164,0.005202913631633715,0.005202913631633715,0.005202913631633715,False,0.0
oct2017,OCT,resnet50,ResNet-50,seed43,0.5,0.8688865764828304,0.0,0.0,0.0,False,0.0
oct2017,OCT,resnet50,ResNet-50,seed43,1.0,0.8730489073881373,0.0,0.0,0.0,False,0.0
oct2017,OCT,resnet50,ResNet-50,seed43,2.0,0.8761706555671176,0.0,0.0,0.0,False,0.0
oct2017,OCT,resnet50,ResNet-50,seed43,4.0,0.8574401664932362,0.0,0.0,0.0,False,0.0
oct2017,OCT,resnet50,ResNet-50,seed43,8.0,0.2497398543184183,0.0,0.0,0.0,False,0.0
oct2017,OCT,resnet50,ResNet-50,seed43,16.0,0.2497398543184183,0.0,0.0,0.0,False,0.0
oct2017,OCT,resnet50,ResNet-50,seed44,0.1,0.8860103626943006,0.10984455958549223,0.10984455958549223,0.10984455958549223,False,0.0
oct2017,OCT,resnet50,ResNet-50,seed44,0.15,0.8580310880829015,0.03626943005181347,0.03626943005181347,0.03626943005181347,False,0.0
oct2017,OCT,resnet50,ResNet-50,seed44,0.2,0.8487046632124352,0.01865284974093264,0.01865284974093264,0.01865284974093264,False,0.0
oct2017,OCT,resnet50,ResNet-50,seed44,0.25,0.8404145077720208,0.008290155440414507,0.008290155440414507,0.008290155440414507,False,0.0
oct2017,OCT,resnet50,ResNet-50,seed44,0.5,0.8321243523316062,0.0010362694300518134,0.0010362694300518134,0.0010362694300518134,False,0.0
oct2017,OCT,resnet50,ResNet-50,seed44,1.0,0.8435233160621761,0.0,0.0,0.0,False,0.0
oct2017,OCT,resnet50,ResNet-50,seed44,2.0,0.8528497409326425,0.0,0.0,0.0,False,0.0
oct2017,OCT,resnet50,ResNet-50,seed44,4.0,0.8072538860103627,0.0,0.0,0.0,False,0.0
oct2017,OCT,resnet50,ResNet-50,seed44,8.0,0.5917098445595855,0.0,0.0,0.0,False,0.0
oct2017,OCT,resnet50,ResNet-50,seed44,16.0,0.24974093264248703,0.0,0.0,0.0,False,0.0
