dataset,dataset_label,model,model_label,seed,params_m,accuracy,balanced_accuracy,macro_f1,auroc,ece,num_samples,source
chest_xray_pneumonia,Chest X-ray,resnet18,ResNet-18,seed42,11.7,0.8285256410256411,0.7722222222222223,0.7921651024886772,0.9518299364453211,0.12970100706204388,624,results/chest_xray_pneumonia/resnet18/clean/seed42/clean_results.json
chest_xray_pneumonia,Chest X-ray,resnet18,ResNet-18,seed43,11.7,0.8060897435897436,0.7431623931623932,0.7601882819274124,0.9556377383300461,0.14903942304543957,624,results/chest_xray_pneumonia/resnet18/clean/seed43/clean_results.json
chest_xray_pneumonia,Chest X-ray,resnet18,ResNet-18,seed44,11.7,0.8028846153846154,0.7371794871794872,0.7536328181424238,0.9643874643874644,0.14602541140256786,624,results/chest_xray_pneumonia/resnet18/clean/seed44/clean_results.json
chest_xray_pneumonia,Chest X-ray,resnet34,ResNet-34,seed42,21.8,0.8477564102564102,0.7987179487179488,0.8194702878182034,0.959555117247425,0.11196393596056178,624,results/chest_xray_pneumonia/resnet34/clean/seed42/clean_results.json
chest_xray_pneumonia,Chest X-ray,resnet34,ResNet-34,seed43,21.8,0.8157051282051282,0.7551282051282051,0.7736384713657083,0.9372835853605085,0.16439418800366234,624,results/chest_xray_pneumonia/resnet34/clean/seed43/clean_results.json
chest_xray_pneumonia,Chest X-ray,resnet34,ResNet-34,seed44,21.8,0.8365384615384616,0.7829059829059829,0.8034584980237154,0.960278325662941,0.12290304545790726,624,results/chest_xray_pneumonia/resnet34/clean/seed44/clean_results.json
chest_xray_pneumonia,Chest X-ray,resnet50,ResNet-50,seed42,25.6,0.8461538461538461,0.7982905982905983,0.818384671355809,0.9697293447293447,0.09471347192541146,624,results/chest_xray_pneumonia/resnet50/clean/seed42/clean_results.json
chest_xray_pneumonia,Chest X-ray,resnet50,ResNet-50,seed43,25.6,0.8974358974358975,0.8658119658119658,0.8837650619942954,0.9778763971071662,0.07096553966403008,624,results/chest_xray_pneumonia/resnet50/clean/seed43/clean_results.json
chest_xray_pneumonia,Chest X-ray,resnet50,ResNet-50,seed44,25.6,0.8621794871794872,0.8170940170940171,0.8382523148148148,0.9701621740083279,0.10391626430627632,624,results/chest_xray_pneumonia/resnet50/clean/seed44/clean_results.json
chest_xray_pneumonia,Chest X-ray,resnet101,ResNet-101,seed42,44.5,0.8413461538461539,0.791880341880342,0.8118690367789698,0.9601358755204908,0.09369475298967117,624,results/chest_xray_pneumonia/resnet101/clean/seed42/clean_results.json
chest_xray_pneumonia,Chest X-ray,resnet101,ResNet-101,seed43,44.5,0.8221153846153846,0.7645299145299145,0.7836899255793909,0.9590346263423186,0.14269730668419447,624,results/chest_xray_pneumonia/resnet101/clean/seed43/clean_results.json
chest_xray_pneumonia,Chest X-ray,resnet101,ResNet-101,seed44,44.5,0.8173076923076923,0.7581196581196581,0.7767371790848032,0.9622726276572431,0.15277011128954399,624,results/chest_xray_pneumonia/resnet101/clean/seed44/clean_results.json
chest_xray_pneumonia,Chest X-ray,resnet152,ResNet-152,seed42,60.2,0.8269230769230769,0.77008547008547,0.7898806480176597,0.9654777558623712,0.13006908226853764,624,results/chest_xray_pneumonia/resnet152/clean/seed42/clean_results.json
chest_xray_pneumonia,Chest X-ray,resnet152,ResNet-152,seed43,60.2,0.8509615384615384,0.8047008547008547,0.8248328528954557,0.9598893271970196,0.10621135366650727,624,results/chest_xray_pneumonia/resnet152/clean/seed43/clean_results.json
chest_xray_pneumonia,Chest X-ray,resnet152,ResNet-152,seed44,60.2,0.8397435897435898,0.7871794871794872,0.8079172566644093,0.9689568266491344,0.1308716680759039,624,results/chest_xray_pneumonia/resnet152/clean/seed44/clean_results.json
chest_xray_pneumonia,Chest X-ray,deit_small,DeiT-S,seed42,22.1,0.8605769230769231,0.8200854700854701,0.8388769347203466,0.9505369274600045,0.08478912625175251,624,results/chest_xray_pneumonia/deit_small/clean/seed42/clean_results.json
chest_xray_pneumonia,Chest X-ray,deit_small,DeiT-S,seed43,22.1,0.8958333333333334,0.8764957264957265,0.8857950561873682,0.9596208634670172,0.039284819880357126,624,results/chest_xray_pneumonia/deit_small/clean/seed43/clean_results.json
chest_xray_pneumonia,Chest X-ray,deit_small,DeiT-S,seed44,22.1,0.8557692307692307,0.8102564102564103,0.8307291666666667,0.9545748411133026,0.10848698851007678,624,results/chest_xray_pneumonia/deit_small/clean/seed44/clean_results.json
chest_xray_pneumonia,Chest X-ray,convnext_tiny,ConvNeXt-T,seed42,28.6,0.905448717948718,0.879059829059829,0.8942576407298797,0.9733179925487617,0.052990181037248674,624,results/chest_xray_pneumonia/convnext_tiny/clean/seed42/clean_results.json
chest_xray_pneumonia,Chest X-ray,convnext_tiny,ConvNeXt-T,seed43,28.6,0.8830128205128205,0.8457264957264957,0.865529548252256,0.9739809335963182,0.08781767053863944,624,results/chest_xray_pneumonia/convnext_tiny/clean/seed43/clean_results.json
chest_xray_pneumonia,Chest X-ray,convnext_tiny,ConvNeXt-T,seed44,28.6,0.8685897435897436,0.8264957264957264,0.847086247086247,0.9803309226386149,0.09200391947076869,624,results/chest_xray_pneumonia/convnext_tiny/clean/seed44/clean_results.json
malaria,Malaria,resnet18,ResNet-18,seed42,11.7,0.9693179597420364,0.9694264557909131,0.9691720787412483,0.994232829487222,0.007877013297525451,5117,results/malaria/resnet18/clean/seed42/clean_results.json
malaria,Malaria,resnet18,ResNet-18,seed43,11.7,0.9626023798485551,0.964591479853302,0.9618697033341164,0.9923560147074147,0.014211807907171112,6471,results/malaria/resnet18/clean/seed43/clean_results.json
malaria,Malaria,resnet18,ResNet-18,seed44,11.7,0.9831506293138449,0.9833737365107673,0.9829585318773837,0.9976602422054794,0.008772109503964823,4926,results/malaria/resnet18/clean/seed44/clean_results.json
malaria,Malaria,resnet34,ResNet-34,seed42,21.8,0.9710768028141489,0.970952445453529,0.9709256095242512,0.9937853143785961,0.011639488996740907,5117,results/malaria/resnet34/clean/seed42/clean_results.json
malaria,Malaria,resnet34,ResNet-34,seed43,21.8,0.9601298099211868,0.9614601214544765,0.9593054580554581,0.9900249282531692,0.023259036444453443,6471,results/malaria/resnet34/clean/seed43/clean_results.json
malaria,Malaria,resnet34,ResNet-34,seed44,21.8,0.9839626471782379,0.9836982857127601,0.9837639069792203,0.996979106039652,0.005817163343890324,4926,results/malaria/resnet34/clean/seed44/clean_results.json
malaria,Malaria,resnet50,ResNet-50,seed42,25.6,0.9699042407660738,0.9697451989645416,0.9697451989645416,0.9945653175483666,0.011556601160924319,5117,results/malaria/resnet50/clean/seed42/clean_results.json
malaria,Malaria,resnet50,ResNet-50,seed43,25.6,0.9624478442280946,0.9638614759280864,0.9616731396920417,0.9915425705696577,0.021460820756837695,6471,results/malaria/resnet50/clean/seed43/clean_results.json
malaria,Malaria,resnet50,ResNet-50,seed44,25.6,0.9792935444579781,0.9796728744279926,0.9790656165004532,0.9965097194559989,0.007437029336943985,4926,results/malaria/resnet50/clean/seed44/clean_results.json
malaria,Malaria,resnet101,ResNet-101,seed42,44.5,0.9702950947820989,0.969568358316778,0.9701022127124102,0.9950689640132738,0.015081046066504135,5117,results/malaria/resnet101/clean/seed42/clean_results.json
malaria,Malaria,resnet101,ResNet-101,seed43,44.5,0.9621387729871735,0.9632463981641586,0.9613367489312397,0.9892699020576435,0.026931501986014707,6471,results/malaria/resnet101/clean/seed43/clean_results.json
malaria,Malaria,resnet101,ResNet-101,seed44,44.5,0.9813235891189607,0.9809590570752726,0.9810895577966225,0.9975746413105581,0.006196702695502681,4926,results/malaria/resnet101/clean/seed44/clean_results.json
malaria,Malaria,resnet152,ResNet-152,seed42,60.2,0.9722493648622239,0.9719032998787378,0.9720913750567304,0.9949176166764341,0.01992210504108047,5117,results/malaria/resnet152/clean/seed42/clean_results.json
malaria,Malaria,resnet152,ResNet-152,seed43,60.2,0.9644568072940812,0.9654986473283854,0.9636956130607492,0.9917583203211,0.02475304553652817,6471,results/malaria/resnet152/clean/seed43/clean_results.json
malaria,Malaria,resnet152,ResNet-152,seed44,60.2,0.9801055623223711,0.9798165437662525,0.9798599389057947,0.9965502672483301,0.006097000278305665,4926,results/malaria/resnet152/clean/seed44/clean_results.json
oct2017,OCT,resnet18,ResNet-18,seed42,11.7,0.993801652892562,0.993801652892562,0.9938015738390704,0.999947351046149,0.02031973158278741,968,results/oct2017/resnet18/clean/seed42/clean_results.json
oct2017,OCT,resnet18,ResNet-18,seed43,11.7,0.9958677685950413,0.9958677685950413,0.9958676713544984,0.9999772328848212,0.017715763516169936,968,results/oct2017/resnet18/clean/seed43/clean_results.json
oct2017,OCT,resnet18,ResNet-18,seed44,11.7,0.996900826446281,0.996900826446281,0.9969029520524977,0.9999857705530133,0.017616899237652455,968,results/oct2017/resnet18/clean/seed44/clean_results.json
oct2017,OCT,resnet34,ResNet-34,seed42,21.8,0.996900826446281,0.996900826446281,0.9969007073729866,0.9999928852765065,0.015065792486194737,968,results/oct2017/resnet34/clean/seed42/clean_results.json
oct2017,OCT,resnet34,ResNet-34,seed43,21.8,0.996900826446281,0.996900826446281,0.9969007073729866,0.9999857705530133,0.010715385914341477,968,results/oct2017/resnet34/clean/seed43/clean_results.json
oct2017,OCT,resnet34,ResNet-34,seed44,21.8,0.9948347107438017,0.9948347107438017,0.9948409554765725,0.999991462331808,0.013159278811009463,968,results/oct2017/resnet34/clean/seed44/clean_results.json
oct2017,OCT,resnet50,ResNet-50,seed42,25.6,0.9989669421487604,0.9989669421487604,0.9989669377387889,0.9999985770553014,0.011405607700840502,968,results/oct2017/resnet50/clean/seed42/clean_results.json
oct2017,OCT,resnet50,ResNet-50,seed43,25.6,0.9927685950413223,0.9927685950413223,0.9927851395292713,0.9998890103135032,0.010452919200924756,968,results/oct2017/resnet50/clean/seed43/clean_results.json
oct2017,OCT,resnet50,ResNet-50,seed44,25.6,0.996900826446281,0.9969008264462811,0.9969007999315567,0.9999729640507251,0.011767522239488017,968,results/oct2017/resnet50/clean/seed44/clean_results.json
oct2017,OCT,resnet101,ResNet-101,seed42,44.5,0.9948347107438017,0.9948347107438017,0.9948303976819768,0.9999800787742186,0.01379264854202586,968,results/oct2017/resnet101/clean/seed42/clean_results.json
oct2017,OCT,resnet101,ResNet-101,seed43,44.5,0.9979338842975206,0.9979338842975207,0.9979338490172976,0.9999971541106026,0.011709398105124797,968,results/oct2017/resnet101/clean/seed43/clean_results.json
oct2017,OCT,resnet101,ResNet-101,seed44,44.5,0.996900826446281,0.996900826446281,0.9969007073729866,0.9999701181613277,0.012188943949612705,968,results/oct2017/resnet101/clean/seed44/clean_results.json
oct2017,OCT,resnet152,ResNet-152,seed42,60.2,0.9979338842975206,0.9979338842975207,0.9979338490172976,1.0,0.005736669848773105,968,results/oct2017/resnet152/clean/seed42/clean_results.json
oct2017,OCT,resnet152,ResNet-152,seed43,60.2,0.996900826446281,0.9969008264462811,0.9969050161902127,0.9999985770553014,0.006538630147610814,968,results/oct2017/resnet152/clean/seed43/clean_results.json
oct2017,OCT,resnet152,ResNet-152,seed44,60.2,0.996900826446281,0.996900826446281,0.9969007073729866,0.9999900393871093,0.0042348042253620025,968,results/oct2017/resnet152/clean/seed44/clean_results.json
