dataset,dataset_label,model,model_label,seed,params_m,clean_accuracy,normalized_log_epsilon_auc,critical_epsilon_255,critical_epsilon_censored_above_16,robust_accuracy_0.1_255,robust_accuracy_8_255,relative_accuracy_drop_8_255,max_pgd_rebound,n_monotonic_adjustments
chest_xray_pneumonia,Chest X-ray,resnet101,ResNet-101,seed42,44.5,0.8413461538461539,0.00951363619054377,0.1,False,0.09714285714285714,0.0,1.0,0.0038095238095238095,1
chest_xray_pneumonia,Chest X-ray,resnet101,ResNet-101,seed43,44.5,0.8221153846153846,0.001542349658360522,0.1,False,0.01949317738791423,0.0,1.0,0.021442495126705652,1
chest_xray_pneumonia,Chest X-ray,resnet101,ResNet-101,seed44,44.5,0.8173076923076923,0.005399900989177452,0.1,False,0.06862745098039216,0.0,1.0,0.0823529411764706,2
chest_xray_pneumonia,Chest X-ray,resnet152,ResNet-152,seed42,60.2,0.8269230769230769,0.02342699638549172,0.1,False,0.312015503875969,0.0,1.0,0.0,0
chest_xray_pneumonia,Chest X-ray,resnet152,ResNet-152,seed43,60.2,0.8509615384615384,0.03323664056404794,0.1,False,0.3220338983050847,0.0,1.0,0.0018832391713747645,1
chest_xray_pneumonia,Chest X-ray,resnet152,ResNet-152,seed44,60.2,0.8397435897435898,0.09413691798000164,0.1,False,0.4961832061068702,0.0,1.0,0.07061068702290077,1
chest_xray_pneumonia,Chest X-ray,resnet18,ResNet-18,seed42,11.7,0.8285256410256411,0.022779457355329175,0.1,False,0.3617021276595745,0.0,1.0,0.0,0
chest_xray_pneumonia,Chest X-ray,resnet18,ResNet-18,seed43,11.7,0.8060897435897436,0.019606627323335162,0.1,False,0.3101391650099404,0.0,1.0,0.0,0
chest_xray_pneumonia,Chest X-ray,resnet18,ResNet-18,seed44,11.7,0.8028846153846154,0.026848155511112727,0.1,False,0.4231536926147705,0.0,1.0,0.0,0
chest_xray_pneumonia,Chest X-ray,resnet34,ResNet-34,seed42,21.8,0.8477564102564102,0.013773024331959021,0.1,False,0.23062381852551986,0.0,1.0,0.0,0
chest_xray_pneumonia,Chest X-ray,resnet34,ResNet-34,seed43,21.8,0.8157051282051282,0.04945281015216579,0.15,False,0.5402750491159135,0.0,1.0,0.0,0
chest_xray_pneumonia,Chest X-ray,resnet34,ResNet-34,seed44,21.8,0.8365384615384616,0.02960773120154111,0.1,False,0.3448275862068966,0.0,1.0,0.0,0
chest_xray_pneumonia,Chest X-ray,resnet50,ResNet-50,seed42,25.6,0.8461538461538461,0.0028920273104187087,0.1,False,0.04734848484848485,0.0,1.0,0.42992424242424243,2
chest_xray_pneumonia,Chest X-ray,resnet50,ResNet-50,seed43,25.6,0.8974358974358975,0.0003566601175974096,0.1,False,0.008928571428571428,0.0,1.0,0.0,0
chest_xray_pneumonia,Chest X-ray,resnet50,ResNet-50,seed44,25.6,0.8621794871794872,0.0007424894641433063,0.1,False,0.01858736059479554,0.0,1.0,0.0,0
malaria,Malaria,resnet101,ResNet-101,seed42,44.5,0.9702950947820989,0.12724889124574854,0.2,False,0.7421953675730111,0.0,1.0,0.0,0
malaria,Malaria,resnet101,ResNet-101,seed43,44.5,0.9621387729871735,0.057848950143139316,0.15,False,0.5489404641775983,0.0,1.0,0.0,0
malaria,Malaria,resnet101,ResNet-101,seed44,44.5,0.9813235891189607,0.08128219764034934,0.15,False,0.6402378592666006,0.0,1.0,0.0009910802775024777,1
malaria,Malaria,resnet152,ResNet-152,seed42,60.2,0.9722493648622239,0.2675663232909614,0.5,False,0.941473259334006,0.0,1.0,0.0,0
malaria,Malaria,resnet152,ResNet-152,seed43,60.2,0.9644568072940812,0.2624457834509921,0.5,False,0.9413549039433772,0.0,1.0,0.0,0
malaria,Malaria,resnet152,ResNet-152,seed44,60.2,0.9801055623223711,0.2933955310912002,0.5,False,0.9693978282329714,0.0,1.0,0.0,0
malaria,Malaria,resnet18,ResNet-18,seed42,11.7,0.9693179597420364,0.20473799378355345,0.5,False,0.9245472837022133,0.0,1.0,0.0,0
malaria,Malaria,resnet18,ResNet-18,seed43,11.7,0.9626023798485551,0.25763830206349153,0.5,False,0.9567839195979899,0.0,1.0,0.0,0
malaria,Malaria,resnet18,ResNet-18,seed44,11.7,0.9831506293138449,0.2305614194184479,0.5,False,0.9545454545454546,0.0,1.0,0.0,0
malaria,Malaria,resnet34,ResNet-34,seed42,21.8,0.9710768028141489,0.14000335861212654,0.25,False,0.8538306451612904,0.0,1.0,0.0,0
malaria,Malaria,resnet34,ResNet-34,seed43,21.8,0.9601298099211868,0.12818938573263614,0.2,False,0.8195564516129032,0.0,1.0,0.0,0
malaria,Malaria,resnet34,ResNet-34,seed44,21.8,0.9839626471782379,0.1949578256050679,0.5,False,0.9242125984251969,0.0,1.0,0.0,0
malaria,Malaria,resnet50,ResNet-50,seed42,25.6,0.9699042407660738,0.1014064435704307,0.2,False,0.7429435483870968,0.0,1.0,0.0,0
malaria,Malaria,resnet50,ResNet-50,seed43,25.6,0.9624478442280946,0.0975317361196041,0.2,False,0.7542627883650953,0.0,1.0,0.0,0
malaria,Malaria,resnet50,ResNet-50,seed44,25.6,0.9792935444579781,0.10564785103704565,0.2,False,0.7566765578635015,0.0,1.0,0.0,0
oct2017,OCT,resnet101,ResNet-101,seed42,44.5,0.9948347107438017,0.041007388054350016,0.1,False,0.26895119418483904,0.0020768431983385254,0.9979231568016614,0.0020768431983385254,1
oct2017,OCT,resnet101,ResNet-101,seed43,44.5,0.9979338842975206,0.006086415743704281,0.1,False,0.08488612836438923,0.0,1.0,0.0,0
oct2017,OCT,resnet101,ResNet-101,seed44,44.5,0.996900826446281,0.01845005902463937,0.1,False,0.16683937823834197,0.0,1.0,0.0,0
oct2017,OCT,resnet152,ResNet-152,seed42,60.2,0.9979338842975206,0.07155695727878704,0.15,False,0.6004140786749482,0.0,1.0,0.0,0
oct2017,OCT,resnet152,ResNet-152,seed43,60.2,0.996900826446281,0.05345372601145446,0.15,False,0.5523316062176166,0.0,1.0,0.0,0
oct2017,OCT,resnet152,ResNet-152,seed44,60.2,0.996900826446281,0.0784108084279485,0.15,False,0.6746113989637306,0.0,1.0,0.0,0
oct2017,OCT,resnet18,ResNet-18,seed42,11.7,0.993801652892562,0.05840622566929286,0.15,False,0.5634095634095634,0.0,1.0,0.0,0
oct2017,OCT,resnet18,ResNet-18,seed43,11.7,0.9958677685950413,0.025669922538833344,0.1,False,0.38381742738589214,0.0,1.0,0.0,0
oct2017,OCT,resnet18,ResNet-18,seed44,11.7,0.996900826446281,0.03406227247712156,0.1,False,0.47461139896373056,0.0,1.0,0.0,0
oct2017,OCT,resnet34,ResNet-34,seed42,21.8,0.996900826446281,0.04666101544911436,0.1,False,0.46113989637305697,0.0,1.0,0.0,0
oct2017,OCT,resnet34,ResNet-34,seed43,21.8,0.996900826446281,0.030836432205932313,0.1,False,0.37305699481865284,0.0,1.0,0.0,0
oct2017,OCT,resnet34,ResNet-34,seed44,21.8,0.9948347107438017,0.029936961080253715,0.1,False,0.3333333333333333,0.0,1.0,0.0,0
oct2017,OCT,resnet50,ResNet-50,seed42,25.6,0.9989669421487604,0.031068265352573145,0.1,False,0.32574974146845914,0.0,1.0,0.0,0
oct2017,OCT,resnet50,ResNet-50,seed43,25.6,0.9927685950413223,0.009384479417383438,0.1,False,0.1331945889698231,0.0,1.0,0.0,0
oct2017,OCT,resnet50,ResNet-50,seed44,25.6,0.996900826446281,0.008693230349150656,0.1,False,0.10984455958549223,0.0,1.0,0.0,0
